name,county,lat,lon,elevation_m,network,abbr
Ashland 8S,Clark,37.064758,-99.75109,562.0,KSRE,ASUK1
Ashland Bottoms,Riley,39.125773,-96.63653,324.6,KSRE,ASBK1
Belleville 2W,Republic,39.81409,-97.675093,471.0,KSRE,BVMK1
Butler,Butler,37.80431,-96.88306,400.8,KSRE,EDCK1
Cairo,Pratt,37.650257,-98.55513,524.9,BBW,WCAK1
Cherokee,Cherokee,37.19898,-94.9809,263.4,KSRE,CRKK1
Cheyenne,Cheyenne,39.633333,-101.815833,1113.7,KSRE,KCNK1
CheyenneTower,Cheyenne,39.633333,-101.815833,1113.7,KSRE,KCNK1
Clay,Clay,39.41796,-97.13977,388.3,KSRE,CKMK1
Colby,Thomas,39.39247,-101.06864,972.3,KSRE,CBKK1
Cullison,Pratt,37.630581,-98.905373,620.9,BBW,WCUK1
East Sedgwick,Sedgwick,37.871,-97.205,427.0,,
Elmdale 1SE,Chase,38.36252,-96.618227,406.0,KSRE,EMLK1
Garden City,Finney,37.99292,-100.81218,882.1,KSRE,GESK1
Grant,Grant,37.67339,-101.37223,934.2,KSRE,GTUK1
Gray,Gray,37.79157,-100.29734,794.3,KSRE,GYUK1
Great Bend,Barton,38.364452,-98.764809,585.8,BBW,WGBK1
Greensburg,Kiowa,37.602798,-99.29261,681.2,BBW,WGRK1
Gypsum,Saline,38.72522,-97.44415,373.0,KSRE,GYMK1
Hamilton,Hamilton,37.99569,-101.86537,988.0,KSRE,HMUK1
Harper,Harper,37.06478,-98.08473,427.6,KSRE,ANTK1
Harvey,Harvey,38.140699,-97.642002,441.0,EBW,ATMK1
Haskell,Haskell,37.65916,-101.0267,934.8,KSRE,HSUK1
Hays,Ellis,38.84945,-99.34461,618.7,KSRE,HASK1
Haysville,Sedgwick,37.519775,-97.312143,378.4,KSRE,HSVK1
Hesston,Harvey,38.1333,-97.4,457.2,,
Hiawatha,Brown,39.84238,-95.48187,308.5,KSRE,HIMK1
Hill City,Graham,39.37203,-99.83051,665.1,KSRE,HCYK1
Hodgeman,Hodgeman,38.10067,-99.9016,716.0,KSRE,KJTK1
HodgemanTower,Hodgeman,38.10067,-99.9016,716.0,KSRE,KJTK1
Hutchinson,Reno,37.93099,-98.02708,465.1,EBW,PRGK1
Hutchinson 10SW,Reno,37.93097,-98.02,478.5,KSRE,HINK1
Jewell,Jewell,39.68342,-98.21306,540.1,KSRE,JEWK1
La Crosse,Rush,38.54097,-99.2805,625.7,KSRE,LCRK1
Lake City,Barber,37.309108,-98.793556,509.3,KSRE,LCUK1
Lakin,Kearny,37.893682,-101.232583,912.9,KSRE,LKUK1
Lane,Lane,38.5987,-100.47094,872.4,KSRE,LNUK1
Leoti,Wichita,38.48336,-101.32772,1001.6,KSRE,KWHK1
Lewis,Edwards,37.936127,-99.252609,828.1,BBW,WLEK1
Lorraine,Ellsworth,38.55798,-98.35203,542.0,KSRE,LORK1
Macksville,Stafford,37.959187,-98.968704,620.3,BBW,WMCK1
Manhattan,Riley,39.20857,-96.59169,332.2,KSRE,MTNK1
McPherson,McPherson,38.36426,-97.699999,451.1,EBW,MPRK1
McPherson 1S,McPherson,38.34503,-97.663311,453.0,KSRE,MCHK1
Meade,Meade,37.13484,-100.39561,717.8,KSRE,MEUK1
Miami,Miami,38.59228,-94.84786,291.4,KSRE,POLK1
Mitchell,Mitchell,39.43712,-98.21001,453.2,KSRE,BEOK1
Mobile_Station,Mobile,37.773344,-100.952989,894.1,,
Moscow 10NW,Stevens,37.373222,-101.378416,947.0,KSRE,SVUK1
Ness City,Ness,38.386119,-99.855547,678.0,KSRE,NSUK1
North Reno,Reno,38.122035,-98.009244,484.9,EBW,WOBK1
Olathe,Johnson,38.88303,-94.9911,283.6,KSRE,OLZK1
Osage,Osage,38.69704,-95.60859,302.1,,PMSK1
Osborne,Osborne,39.45438,-98.70348,490.1,KSRE,OSNK1
Ottawa,Franklin,38.53914,-95.2481,299.3,,OAWK1
Ottawa 2SE,Franklin,38.542689,-95.248647,295.0,KSRE,OAWK1
Overbrook,Osage,38.716584,-95.516262,340.0,KSRE,PMSK1
Parsons,Labette,37.36875,-95.28771,287.7,KSRE,PARK1
Powhattan,Brown,39.8,-95.8,365.8,,
Radium,Stafford,38.174187,-98.893433,602.9,BBW,WRAK1
Richfield,Morton,37.25874,-101.79195,1045.5,KSRE,RFUK1
Rock Springs,Dickinson,38.866853,-96.902869,366.1,KSRE,RKSK1
Rocky Ford,Riley,39.23164,-96.58049,318.1,KSRE,RKFK1
Rossville,Shawnee,39.11638,-95.92598,276.5,KSRE,RSVK1
Rossville 2SE,Shawnee,39.11638,-95.92598,276.5,KSRE,RSVK1
Roth Tech Farm,Finney,38.03561,-101.0308,895.8,KSRE,
Rozel,Pawnee,38.195847,-99.403168,631.9,BBW,WROK1
Satanta,Seward,37.30539,-100.88717,879.6,KSRE,SAUK1
Scandia,Republic,39.82864,-97.83894,457.2,KSRE,SCAK1
Scott,Scott,38.534669,-100.730783,890.0,,
Sedan,Chautauqua,37.165,-96.228,303.0,KSRE,SEAK1
Sedgwick,Sedgwick,37.890235,-97.632127,431.6,EBW,MTPK1
Sheridan,Sheridan,39.35736,-100.61046,883.0,KSRE,KSDK1
Sherman,Sherman,39.28125,-101.81936,1155.8,KSRE,KSHK1
Silver Lake,Shawnee,39.07788,-95.77059,270.7,KSRE,SLKK1
Silver Lake 4E,Shawnee,39.07788,-95.77059,270.7,KSRE,SLKK1
South Reno,Reno,37.798516,-98.00514,477.0,EBW,PTPK1
Spearville,Ford,37.902454,-99.869524,706.9,KSRE,SPUK1
St John,Stafford,37.9571,-98.74813,586.7,KSRE,STJK1
St John 1NW,Stafford,38.014256,-98.775066,588.5,KSRE,STJK2
Stafford,Stafford,37.962234,-98.600639,566.3,BBW,WSFK1
Stanton,Stanton,37.61355,-101.72838,999.7,KSRE,STUK1
Sterling,Rice,38.210011,-98.207008,499.9,BBW,WSTK1
Stevens,Stevens,37.35186,-101.35548,947.3,,SVUK1
Tribune,Greeley,38.46625,-101.77522,1108.6,KSRE,TRBK1
Tribune 6NE,Greeley,38.53041,-101.66434,1086.4,KSRE,TNEK1
Viola,Sumner,37.45972,-97.62469,413.5,KSRE,VIOK1
Wallace,Wallace,38.8198,-101.85299,1130.2,KSRE,KWLK1
Washington,Washington,39.782293,-97.054804,418.6,KSRE,WMNK1
Willis Tech Farm,Finney,37.77364,-100.95202,894.1,KSRE,
Woodson,Woodson,37.8612,-95.7836,338.0,KSRE,YACK1
